{"textures":{"0":"modelengine:entity/ult_strings"},"elements":[{"from":[8.023823,-7.5202665,-1.9502277],"to":[8.023823,9.092963,8.01771],"rotation":{"angle":0.0,"axis":"y","origin":[11.548021,0.78634834,11.541908]},"faces":{"east":{"uv":[3.25,2.75,1.75,5.25],"rotation":0,"texture":"#0","tintindex":0},"south":{"uv":[4.75,5.5,4.75,8.0],"rotation":0,"texture":"#0","tintindex":0},"north":{"uv":[4.5,5.5,4.5,8.0],"rotation":0,"texture":"#0","tintindex":0},"west":{"uv":[1.75,2.75,3.25,5.25],"rotation":0,"texture":"#0","tintindex":0},"up":{"uv":[5.0,7.0,5.0,5.5],"rotation":0,"texture":"#0","tintindex":0},"down":{"uv":[5.25,5.5,5.25,7.0],"rotation":0,"texture":"#0","tintindex":0}}}],"display":{"head":{"translation":[0.0,-6.4,0.0],"scale":[4.0,4.0,4.0]}}}