{"textures":{"0":"modelengine:entity/ult_strings"},"elements":[{"from":[23.355011,-7.5202665,10.919541],"to":[23.355011,9.092963,20.887478],"rotation":{"angle":45.0,"axis":"y","origin":[11.322646,0.78634834,27.935875]},"faces":{"east":{"uv":[3.5,2.75,5.0,5.25],"rotation":0,"texture":"#0","tintindex":0},"south":{"uv":[5.5,5.5,5.5,8.0],"rotation":0,"texture":"#0","tintindex":0},"north":{"uv":[5.75,5.5,5.75,8.0],"rotation":0,"texture":"#0","tintindex":0},"west":{"uv":[5.0,2.75,3.5,5.25],"rotation":0,"texture":"#0","tintindex":0},"up":{"uv":[6.0,5.5,6.0,7.0],"rotation":0,"texture":"#0","tintindex":0},"down":{"uv":[6.25,7.0,6.25,5.5],"rotation":0,"texture":"#0","tintindex":0}}}],"display":{"head":{"translation":[0.0,-6.4,0.0],"scale":[4.0,4.0,4.0]}}}