{"textures":{"0":"modelengine:entity/ult_strings"},"elements":[{"from":[4.481496,-7.5202665,-0.5203934],"to":[4.481496,9.092963,9.447544],"rotation":{"angle":45.0,"axis":"y","origin":[4.481496,0.78634834,4.463576]},"faces":{"east":{"uv":[3.25,5.5,1.75,8.0],"rotation":0,"texture":"#0","tintindex":0},"south":{"uv":[7.0,6.25,7.0,8.75],"rotation":0,"texture":"#0","tintindex":0},"north":{"uv":[7.0,3.5,7.0,6.0],"rotation":0,"texture":"#0","tintindex":0},"west":{"uv":[1.75,5.5,3.25,8.0],"rotation":0,"texture":"#0","tintindex":0},"up":{"uv":[7.25,1.5,7.25,0.0],"rotation":0,"texture":"#0","tintindex":0},"down":{"uv":[7.25,1.75,7.25,3.25],"rotation":0,"texture":"#0","tintindex":0}}}],"display":{"head":{"translation":[0.0,-6.4,0.0],"scale":[4.0,4.0,4.0]}}}