{"textures":{"0":"modelengine:entity/ult_strings"},"elements":[{"from":[-0.5020542,-7.5202665,1.5623736],"to":[-0.5020542,9.092963,11.530312],"rotation":{"angle":45.0,"axis":"y","origin":[11.530312,0.78634834,-5.486022]},"faces":{"east":{"uv":[1.75,0.0,3.25,2.5],"rotation":0,"texture":"#0","tintindex":0},"south":{"uv":[3.5,5.5,3.5,8.0],"rotation":0,"texture":"#0","tintindex":0},"north":{"uv":[3.75,5.5,3.75,8.0],"rotation":0,"texture":"#0","tintindex":0},"west":{"uv":[3.25,0.0,1.75,2.5],"rotation":0,"texture":"#0","tintindex":0},"up":{"uv":[4.0,5.5,4.0,7.0],"rotation":0,"texture":"#0","tintindex":0},"down":{"uv":[4.25,7.0,4.25,5.5],"rotation":0,"texture":"#0","tintindex":0}}}],"display":{"head":{"translation":[0.0,-6.4,0.0],"scale":[4.0,4.0,4.0]}}}