{"textures":{"0":"modelengine:entity/ult_strings"},"elements":[{"from":[8.03542,-7.5202665,-1.9563408],"to":[8.03542,9.092963,8.011597],"rotation":{"angle":0.0,"axis":"y","origin":[4.511222,0.78634834,-5.4805393]},"faces":{"east":{"uv":[6.75,2.75,5.25,5.25],"rotation":0,"texture":"#0","tintindex":0},"south":{"uv":[6.75,5.5,6.75,8.0],"rotation":0,"texture":"#0","tintindex":0},"north":{"uv":[6.5,5.5,6.5,8.0],"rotation":0,"texture":"#0","tintindex":0},"west":{"uv":[5.25,2.75,6.75,5.25],"rotation":0,"texture":"#0","tintindex":0},"up":{"uv":[7.0,1.5,7.0,0.0],"rotation":0,"texture":"#0","tintindex":0},"down":{"uv":[7.0,1.75,7.0,3.25],"rotation":0,"texture":"#0","tintindex":0}}}],"display":{"head":{"translation":[0.0,-6.4,0.0],"scale":[4.0,4.0,4.0]}}}