{"credit":"Made by samus2002","texture_size":[128,128],"textures":{"0":"bard:bard_texture/bard_harp","particle":"bard:bard_texture/bard_harp"},"elements":[{"from":[8,-3.60692,3.60123],"to":[8,22.39308,13.60123],"rotation":{"angle":0,"axis":"y","origin":[8,8,8]},"faces":{"north":{"uv":[3.5,6,3.5,9.25],"texture":"#0"},"east":{"uv":[0,0,1.25,3.25],"texture":"#0"},"south":{"uv":[3.625,6,3.625,9.25],"texture":"#0"},"west":{"uv":[1.375,0,2.625,3.25],"texture":"#0"},"up":{"uv":[5.125,7.25,5.125,6],"texture":"#0"},"down":{"uv":[5.25,6,5.25,7.25],"texture":"#0"}}},{"from":[8,20.34308,12.52123],"to":[8,30.34308,20.52123],"rotation":{"angle":22.5,"axis":"x","origin":[8,26.54308,18.09623]},"faces":{"north":{"uv":[5.625,7.125,5.625,5.875],"rotation":180,"texture":"#0"},"east":{"uv":[2.75,0,4,1],"rotation":90,"texture":"#0"},"south":{"uv":[5.75,5.875,5.75,7.125],"texture":"#0"},"west":{"uv":[2.75,1.125,4,2.125],"rotation":270,"texture":"#0"},"up":{"uv":[3.875,5.5,3.875,6.5],"texture":"#0"},"down":{"uv":[3.75,5.5,3.75,6.5],"rotation":180,"texture":"#0"}}},{"from":[8,15.35094,-4.5483],"to":[8,24.35094,1.4517],"rotation":{"angle":45,"axis":"x","origin":[8,8,8]},"faces":{"north":{"uv":[5.875,3.125,5.875,4.25],"texture":"#0"},"east":{"uv":[4,3.375,4.75,4.5],"texture":"#0"},"south":{"uv":[5.875,5.875,5.875,7],"texture":"#0"},"west":{"uv":[4.125,0,4.875,1.125],"texture":"#0"},"up":{"uv":[6,3.875,6,3.125],"texture":"#0"},"down":{"uv":[3.375,6,3.375,6.75],"texture":"#0"}}},{"from":[7,18.54756,4.00095],"to":[9,20.54756,21.00095],"rotation":{"angle":-22.5,"axis":"x","origin":[8,8,8]},"faces":{"north":{"uv":[5.625,5.5,5.875,5.75],"texture":"#0"},"east":{"uv":[4.125,1.25,6.25,1.5],"texture":"#0"},"south":{"uv":[1.875,5.75,2.125,6],"texture":"#0"},"west":{"uv":[4.375,1.625,6.5,1.875],"texture":"#0"},"up":{"uv":[4.25,6.75,4,4.625],"texture":"#0"},"down":{"uv":[4.625,4.625,4.375,6.75],"texture":"#0"}}},{"from":[6.5,15.09699,-0.55713],"to":[9.5,19.09699,3.44287],"rotation":{"angle":0,"axis":"x","origin":[8,8,8]},"faces":{"north":{"uv":[4.875,3.875,5.25,4.375],"texture":"#0"},"east":{"uv":[4.875,3.25,5.375,3.75],"texture":"#0"},"south":{"uv":[5,0,5.375,0.5],"texture":"#0"},"west":{"uv":[3.375,4.875,3.875,5.375],"texture":"#0"},"up":{"uv":[5.375,1.125,5,0.625],"texture":"#0"},"down":{"uv":[5.5,2,5.125,2.5],"texture":"#0"}}},{"from":[7.975,14.09699,-1.50512],"to":[7.975,25.09699,5.49488],"rotation":{"angle":0,"axis":"x","origin":[7.9875,14.53898,1.84387]},"faces":{"north":{"uv":[5.5,6,5.5,7.375],"texture":"#0"},"east":{"uv":[0,3.375,0.875,4.75],"texture":"#0"},"south":{"uv":[5.375,6,5.375,7.375],"texture":"#0"},"west":{"uv":[2.75,2.25,3.625,3.625],"texture":"#0"},"up":{"uv":[6,6.375,6,5.5],"rotation":180,"texture":"#0"},"down":{"uv":[1.125,6.125,1.125,7],"rotation":180,"texture":"#0"}}},{"from":[8,4.3082,0.13998],"to":[8,15.3082,7.13998],"rotation":{"angle":22.5,"axis":"x","origin":[7.9875,14.53898,1.84387]},"faces":{"north":{"uv":[1.875,6.125,1.875,7.5],"texture":"#0"},"east":{"uv":[1.875,3.375,1,4.75],"texture":"#0"},"south":{"uv":[1.75,6.125,1.75,7.5],"texture":"#0"},"west":{"uv":[1,3.375,1.875,4.75],"texture":"#0"},"up":{"uv":[2,7,2,6.125],"rotation":180,"texture":"#0"},"down":{"uv":[6.125,2,6.125,2.875],"rotation":180,"texture":"#0"}}},{"from":[7,2.54756,4.00095],"to":[9,17.54756,6.00095],"rotation":{"angle":-22.5,"axis":"x","origin":[8,8,8]},"faces":{"north":{"uv":[4.75,4.625,5,6.5],"texture":"#0"},"east":{"uv":[0,4.875,0.25,6.75],"texture":"#0"},"south":{"uv":[0.375,4.875,0.625,6.75],"texture":"#0"},"west":{"uv":[0.75,4.875,1,6.75],"texture":"#0"},"up":{"uv":[2.5,6,2.25,5.75],"texture":"#0"},"down":{"uv":[2.875,5.75,2.625,6],"texture":"#0"}}},{"from":[6.5,3.54756,3.50095],"to":[9.5,5.54756,6.50095],"rotation":{"angle":-22.5,"axis":"x","origin":[8,8,8]},"faces":{"north":{"uv":[5.625,4.375,6,4.625],"texture":"#0"},"east":{"uv":[5.625,4.75,6,5],"texture":"#0"},"south":{"uv":[5.125,5.625,5.5,5.875],"texture":"#0"},"west":{"uv":[5.625,5.125,6,5.375],"texture":"#0"},"up":{"uv":[2.75,5.625,2.375,5.25],"texture":"#0"},"down":{"uv":[5.75,3.875,5.375,4.25],"texture":"#0"}}},{"from":[6.5,12.54756,3.50095],"to":[9.5,14.54756,6.50095],"rotation":{"angle":-22.5,"axis":"x","origin":[8,8,8]},"faces":{"north":{"uv":[5.625,4.375,6,4.625],"texture":"#0"},"east":{"uv":[5.625,4.75,6,5],"texture":"#0"},"south":{"uv":[5.125,5.625,5.5,5.875],"texture":"#0"},"west":{"uv":[5.625,5.125,6,5.375],"texture":"#0"},"up":{"uv":[2.75,5.625,2.375,5.25],"texture":"#0"},"down":{"uv":[5.75,3.875,5.375,4.25],"texture":"#0"}}},{"from":[7.025,-4.50703,2.2188],"to":[8.975,4.49297,4.2188],"rotation":{"angle":-45,"axis":"x","origin":[8.025,8,8]},"faces":{"north":{"uv":[4.75,2,5,3.125],"texture":"#0"},"east":{"uv":[1.125,4.875,1.375,6],"texture":"#0"},"south":{"uv":[1.5,4.875,1.75,6],"texture":"#0"},"west":{"uv":[3,4.875,3.25,6],"texture":"#0"},"up":{"uv":[6.125,0.25,5.875,0],"texture":"#0"},"down":{"uv":[6.125,0.375,5.875,0.625],"texture":"#0"}}},{"from":[7,-4.98141,14.56785],"to":[9,-0.98141,17.56785],"rotation":{"angle":22.5,"axis":"x","origin":[8,8,8]},"faces":{"north":{"uv":[5.5,0,5.75,0.5],"texture":"#0"},"east":{"uv":[5.125,2.625,5.5,3.125],"texture":"#0"},"south":{"uv":[5.5,0.625,5.75,1.125],"texture":"#0"},"west":{"uv":[5.125,4.5,5.5,5],"texture":"#0"},"up":{"uv":[5.75,3.625,5.5,3.25],"texture":"#0"},"down":{"uv":[3.625,5.5,3.375,5.875],"texture":"#0"}}},{"from":[8,-10.98141,11.56785],"to":[8,-2.98141,18.56785],"rotation":{"angle":22.5,"axis":"x","origin":[8,8,8]},"faces":{"north":{"uv":[1.25,6.125,1.25,7.125],"texture":"#0"},"east":{"uv":[3.75,2.25,4.625,3.25],"texture":"#0"},"south":{"uv":[1.375,6.125,1.375,7.125],"texture":"#0"},"west":{"uv":[3,3.75,3.875,4.75],"texture":"#0"},"up":{"uv":[1.5,7,1.5,6.125],"texture":"#0"},"down":{"uv":[1.625,6.125,1.625,7],"texture":"#0"}}}],"gui_light":"front","display":{"thirdperson_righthand":{"rotation":[-20,-180,0],"translation":[0,-2.75,-0.75],"scale":[0.8,0.8,0.8]},"thirdperson_lefthand":{"rotation":[-20,-180,0],"translation":[0,-2.75,-0.75],"scale":[0.8,0.8,0.8]},"firstperson_righthand":{"rotation":[-9,-172,0],"translation":[7,-2.25,-6.75]},"firstperson_lefthand":{"rotation":[-9,-172,0],"translation":[7,-2.25,-6.75]},"ground":{"rotation":[0,0,90],"scale":[0.8,0.8,0.8]},"gui":{"rotation":[90,50,-90],"translation":[-2.5,-0.75,0],"scale":[0.45,0.45,0.45]},"fixed":{"rotation":[90,-52,90],"translation":[2.75,-0.25,0],"scale":[0.5,0.5,0.5]}}}