{"credit":"Made by samus2002","textures":{"0":"bard:bard_texture/musical_note_a","particle":"bard:bard_texture/musical_note_a"},"elements":[{"from":[1,1,8],"to":[15,15,8],"rotation":{"angle":0,"axis":"z","origin":[8,8,8]},"faces":{"north":{"uv":[5,4.75,11,10.75],"texture":"#0"},"east":{"uv":[0,0,0,14],"texture":"#0"},"south":{"uv":[11,4.75,5,10.75],"texture":"#0"},"west":{"uv":[0,0,0,14],"texture":"#0"},"up":{"uv":[0,0,14,0],"texture":"#0"},"down":{"uv":[0,0,14,0],"texture":"#0"}}}],"display":{"head":{"translation":[0,-17,-1.75],"scale":[3,3,3]}}}