{"credit":"Made by samus2002","texture_size":[128,128],"textures":{"0":"bard:bard_texture/symphony_light","particle":"bard:bard_texture/symphony_light"},"elements":[{"from":[19,-14,-3],"to":[19,30,19],"rotation":{"angle":0,"axis":"y","origin":[8,8,8]},"faces":{"north":{"uv":[0,0,2.75,5.5],"texture":"#0"},"east":{"uv":[0,0,2.75,5.5],"texture":"#0"},"south":{"uv":[0,0,2.75,5.5],"texture":"#0"},"west":{"uv":[2.75,0,0,5.5],"texture":"#0"},"up":{"uv":[8.5,2.75,5.75,0],"texture":"#0"},"down":{"uv":[8.5,2.875,5.75,5.625],"texture":"#0"}}},{"from":[-3,-14,-3],"to":[-3,30,19],"rotation":{"angle":0,"axis":"y","origin":[8,8,8]},"faces":{"north":{"uv":[2.75,0,0,5.5],"texture":"#0"},"east":{"uv":[0,0,2.75,5.5],"texture":"#0"},"south":{"uv":[2.75,0,0,5.5],"texture":"#0"},"west":{"uv":[2.75,0,0,5.5],"texture":"#0"},"up":{"uv":[5.75,2.75,8.5,0],"texture":"#0"},"down":{"uv":[5.75,2.875,8.5,5.625],"texture":"#0"}}},{"from":[-3,-14,19],"to":[19,30,19],"rotation":{"angle":0,"axis":"y","origin":[8,8,8]},"faces":{"north":{"uv":[0,0,2.75,5.5],"texture":"#0"},"east":{"uv":[2.75,0,0,5.5],"texture":"#0"},"south":{"uv":[2.75,0,0,5.5],"texture":"#0"},"west":{"uv":[2.75,0,0,5.5],"texture":"#0"},"up":{"uv":[8.5,0,5.75,2.75],"texture":"#0"},"down":{"uv":[8.5,5.625,5.75,2.875],"texture":"#0"}}},{"from":[-3,-14,-3],"to":[19,30,-3],"rotation":{"angle":0,"axis":"y","origin":[8,8,8]},"faces":{"north":{"uv":[0,0,2.75,5.5],"texture":"#0"},"east":{"uv":[0,0,2.75,5.5],"texture":"#0"},"south":{"uv":[2.75,0,0,5.5],"texture":"#0"},"west":{"uv":[0,0,2.75,5.5],"texture":"#0"},"up":{"uv":[8.5,2.75,5.75,0],"texture":"#0"},"down":{"uv":[8.5,2.875,5.75,5.625],"texture":"#0"}}}],"display":{"thirdperson_righthand":{"rotation":[90,0,0],"translation":[-6,-2,74.5],"scale":[3.5,4,3.5]}}}