{"credit":"Made by samus2002","textures":{"0":"bard:bard_texture/vibration_6","particle":"bard:bard_texture/vibration_6"},"elements":[{"from":[-10.5,-10.5,8],"to":[26.5,26.5,8],"rotation":{"angle":0,"axis":"y","origin":[8,8,8]},"faces":{"north":{"uv":[3.5,3.75,12.5,12.75],"texture":"#0"},"east":{"uv":[0,0,0,16],"texture":"#0"},"south":{"uv":[12.5,3.75,3.5,12.75],"texture":"#0"},"west":{"uv":[0,0,0,16],"texture":"#0"},"up":{"uv":[0,0,16,0],"texture":"#0"},"down":{"uv":[0,0,16,0],"texture":"#0"}}}],"display":{"thirdperson_righthand":{"rotation":[90,0,0],"translation":[-5.5,-1.5,26.75],"scale":[2.5,2.5,2.5]},"head":{"translation":[2.25,-16,0],"scale":[4,4,4]}}}