{
  "samus.angel": {
    "category": "master",
    "sounds": [
      "bard:samus/bard/angel"
    ]
  },
  "samus.bird_chirp": {
    "category": "master",
    "sounds": [
      "bard:samus/bard/bird_chirp"
    ]
  },
  "samus.bird_chirp_chain": {
    "category": "master",
    "sounds": [
      "bard:samus/bard/bird_chirp_chain"
    ]
  },
  "samus.blind": {
    "category": "master",
    "sounds": [
      "bard:samus/bard/blind"
    ]
  },
  "samus.clef": {
    "category": "master",
    "sounds": [
      "bard:samus/bard/clef"
    ]
  },
  "samus.harp_angel": {
    "category": "master",
    "sounds": [
      "bard:samus/bard/harp_angel"
    ]
  },
  "samus.harp_memento_mori": {
    "category": "master",
    "sounds": [
      "bard:samus/bard/harp_memento_mori"
    ]
  },
  "samus.harp_sound_wave": {
    "category": "master",
    "sounds": [
      "bard:samus/bard/harp_sound_wave"
    ]
  },
  "samus.harp_speed": {
    "category": "master",
    "sounds": [
      "bard:samus/bard/harp_speed"
    ]
  },
  "samus.harp_symphony": {
    "category": "master",
    "sounds": [
      "bard:samus/bard/harp_symphony"
    ]
  },
  "samus.harp_symphony_explosion": {
    "category": "master",
    "sounds": [
      "bard:samus/bard/harp_symphony_explosion"
    ]
  },
  "samus.harp_vibration": {
    "category": "master",
    "sounds": [
      "bard:samus/bard/harp_vibration"
    ]
  },
  "samus.healing_aura": {
    "category": "master",
    "sounds": [
      "bard:samus/bard/healing_aura"
    ]
  },
  "samus.slow_down": {
    "category": "master",
    "sounds": [
      "bard:samus/bard/slow_down"
    ]
  },
  "samus.speed_aura": {
    "category": "master",
    "sounds": [
      "bard:samus/bard/speed_aura"
    ]
  },
  "samus.symphony_laser": {
    "category": "master",
    "sounds": [
      "bard:samus/bard/symphony_laser"
    ]
  },
  "samus.vibration": {
    "category": "master",
    "sounds": [
      "bard:samus/bard/vibration"
    ]
  },
  "samus.vibration2": {
    "category": "master",
    "sounds": [
      "bard:samus/bard/vibration2"
    ]
  },
  "samus.symphony_explosion": {
    "category": "master",
    "sounds": [
      "bard:samus/bard/symphony_explosion"
    ]
  }
}