{"textures":{"0":"modelengine:entity/abyssion_wave"},"elements":[{"name":"cube","from":[-5.260001,13.142586,-9.174086],"to":[21.260002,21.098587,-2.5440855],"rotation":{"angle":0.0,"axis":"x","origin":[8.0,15.2,0.19999981]},"faces":{"down":{"uv":[7.75,3.875,5.25,4.5],"rotation":0,"texture":"#0","tintindex":0},"east":{"uv":[7.0,7.25,7.625,8.0],"rotation":0,"texture":"#0","tintindex":0},"north":{"uv":[4.75,3.0,7.25,3.75],"rotation":0,"texture":"#0","tintindex":0},"south":{"uv":[0.0,4.875,2.5,5.625],"rotation":0,"texture":"#0","tintindex":0},"up":{"uv":[7.75,2.375,5.25,1.75],"rotation":0,"texture":"#0","tintindex":0},"west":{"uv":[7.375,2.5,8.0,3.25],"rotation":0,"texture":"#0","tintindex":0}}},{"name":"cube","from":[-2.6080008,4.5671353,3.5728831],"to":[18.608002,12.523135,11.528884],"rotation":{"angle":0.0,"axis":"x","origin":[8.0,15.2,0.19999981]},"faces":{"down":{"uv":[4.125,5.75,2.125,6.5],"rotation":0,"texture":"#0","tintindex":0},"east":{"uv":[1.0,7.25,1.75,8.0],"rotation":0,"texture":"#0","tintindex":0},"north":{"uv":[0.0,5.75,2.0,6.5],"rotation":0,"texture":"#0","tintindex":0},"south":{"uv":[5.75,0.0,7.75,0.75],"rotation":0,"texture":"#0","tintindex":0},"up":{"uv":[7.75,1.625,5.75,0.875],"rotation":0,"texture":"#0","tintindex":0},"west":{"uv":[6.125,7.25,6.875,8.0],"rotation":0,"texture":"#0","tintindex":0}}},{"name":"cube","from":[-3.934,8.391524,1.6861312],"to":[19.934002,17.673523,9.642132],"rotation":{"angle":-22.5,"axis":"x","origin":[8.0,15.2,0.19999981]},"faces":{"down":{"uv":[7.25,4.875,5.0,5.625],"rotation":0,"texture":"#0","tintindex":0},"east":{"uv":[3.375,6.625,4.125,7.5],"rotation":0,"texture":"#0","tintindex":0},"north":{"uv":[0.0,3.0,2.25,3.875],"rotation":0,"texture":"#0","tintindex":0},"south":{"uv":[2.375,3.0,4.625,3.875],"rotation":0,"texture":"#0","tintindex":0},"up":{"uv":[4.875,5.625,2.625,4.875],"rotation":0,"texture":"#0","tintindex":0},"west":{"uv":[4.25,7.0,5.0,7.875],"rotation":0,"texture":"#0","tintindex":0}}},{"name":"cube","from":[-5.260001,15.6696415,-4.154451],"to":[21.260002,23.62564,5.127549],"rotation":{"angle":22.5,"axis":"x","origin":[8.0,15.2,0.19999981]},"faces":{"down":{"uv":[5.125,2.0,2.625,2.875],"rotation":0,"texture":"#0","tintindex":0},"east":{"uv":[2.375,6.625,3.25,7.375],"rotation":0,"texture":"#0","tintindex":0},"north":{"uv":[0.0,4.0,2.5,4.75],"rotation":0,"texture":"#0","tintindex":0},"south":{"uv":[2.625,4.0,5.125,4.75],"rotation":0,"texture":"#0","tintindex":0},"up":{"uv":[2.5,2.875,0.0,2.0],"rotation":0,"texture":"#0","tintindex":0},"west":{"uv":[6.625,6.375,7.5,7.125],"rotation":0,"texture":"#0","tintindex":0}}},{"name":"cube","from":[-6.5860004,16.280891,-6.2032347],"to":[22.585999,24.236893,3.0787663],"rotation":{"angle":-22.5,"axis":"x","origin":[8.0,15.2,0.19999981]},"faces":{"down":{"uv":[2.75,1.0,0.0,1.875],"rotation":0,"texture":"#0","tintindex":0},"east":{"uv":[5.125,7.0,6.0,7.75],"rotation":0,"texture":"#0","tintindex":0},"north":{"uv":[2.875,0.0,5.625,0.75],"rotation":0,"texture":"#0","tintindex":0},"south":{"uv":[2.875,0.875,5.625,1.625],"rotation":0,"texture":"#0","tintindex":0},"up":{"uv":[2.75,0.875,0.0,0.0],"rotation":0,"texture":"#0","tintindex":0},"west":{"uv":[0.0,7.25,0.875,8.0],"rotation":0,"texture":"#0","tintindex":0}}},{"name":"cube","from":[-3.934,11.582503,-8.883213],"to":[19.934002,16.886505,-3.5792127],"rotation":{"angle":-22.5,"axis":"x","origin":[8.0,15.2,0.19999981]},"faces":{"down":{"uv":[8.875,5.75,6.625,6.25],"rotation":0,"texture":"#0","tintindex":0},"east":{"uv":[7.375,4.625,7.875,5.125],"rotation":0,"texture":"#0","tintindex":0},"north":{"uv":[4.25,5.75,6.5,6.25],"rotation":0,"texture":"#0","tintindex":0},"south":{"uv":[4.25,6.375,6.5,6.875],"rotation":0,"texture":"#0","tintindex":0},"up":{"uv":[2.25,7.125,0.0,6.625],"rotation":0,"texture":"#0","tintindex":0},"west":{"uv":[1.875,7.5,2.375,8.0],"rotation":0,"texture":"#0","tintindex":0}}}],"display":{"head":{"translation":[0.0,-6.4,0.0],"rotation":[0.0,0.0,0.0],"scale":[3.8095,3.8095,3.8095]}}}