{"textures":{"0":"modelengine:entity/healing_aura"},"elements":[{"from":[-11.02318,8.1,-11.02318],"to":[27.02318,8.1,27.02318],"rotation":{"angle":0.0,"axis":"y","origin":[8.0,6.24408,8.0]},"faces":{"east":{"uv":[2.875,5.3125,5.4375,5.3125],"rotation":0,"texture":"#0","tintindex":0},"south":{"uv":[2.875,5.375,5.4375,5.375],"rotation":0,"texture":"#0","tintindex":0},"north":{"uv":[2.875,5.25,5.4375,5.25],"rotation":0,"texture":"#0","tintindex":0},"west":{"uv":[2.875,5.4375,5.4375,5.4375],"rotation":0,"texture":"#0","tintindex":0},"up":{"uv":[5.4375,2.5625,2.875,0.0],"rotation":0,"texture":"#0","tintindex":0},"down":{"uv":[5.4375,0.0,2.875,2.5625],"rotation":0,"texture":"#0","tintindex":0}}}],"display":{"head":{"translation":[0.0,-6.4,0.0],"scale":[4.0,4.0,4.0]}}}