{"textures":{"0":"modelengine:entity/healing_aura"},"elements":[{"from":[-15.603823,7.9213543,-15.603823],"to":[31.603823,7.9213543,31.603823],"rotation":{"angle":0.0,"axis":"y","origin":[8.0,10.019472,8.0]},"faces":{"east":{"uv":[5.5,0.0625,8.3125,0.0625],"rotation":0,"texture":"#0","tintindex":0},"south":{"uv":[5.5,0.125,8.3125,0.125],"rotation":0,"texture":"#0","tintindex":0},"north":{"uv":[5.5,0.0,8.3125,0.0],"rotation":0,"texture":"#0","tintindex":0},"west":{"uv":[5.5,0.1875,8.3125,0.1875],"rotation":0,"texture":"#0","tintindex":0},"up":{"uv":[2.8125,2.8125,0.0,0.0],"rotation":0,"texture":"#0","tintindex":0},"down":{"uv":[2.8125,0.0,0.0,2.8125],"rotation":0,"texture":"#0","tintindex":0}}}],"display":{"head":{"translation":[0.0,-6.4,0.0],"scale":[4.0,4.0,4.0]}}}