{"parent":"minecraft:item/generated","textures":{"layer0":"minecraft:item/coal"},"overrides":[{"predicate":{"custom_model_data":2094},"model":"bard:bard_model/icon_angelic_serenade"},{"predicate":{"custom_model_data":2095},"model":"bard:bard_model/icon_rhapsody"},{"predicate":{"custom_model_data":2096},"model":"bard:bard_model/icon_shield_of_harmony"},{"predicate":{"custom_model_data":2097},"model":"bard:bard_model/icon_sound_wave"},{"predicate":{"custom_model_data":2098},"model":"bard:bard_model/icon_symphony_of_destruction"},{"predicate":{"custom_model_data":2099},"model":"bard:bard_model/icon_vibrative_strike"},{"predicate":{"custom_model_data":2228},"model":"bloodmoon_vampire:bloodmoon_vampire_model/icon_bloodbending"},{"predicate":{"custom_model_data":2229},"model":"bloodmoon_vampire:bloodmoon_vampire_model/icon_bloodborne_blades"},{"predicate":{"custom_model_data":2230},"model":"bloodmoon_vampire:bloodmoon_vampire_model/icon_bloodborne_grimoire"},{"predicate":{"custom_model_data":2231},"model":"bloodmoon_vampire:bloodmoon_vampire_model/icon_bloodborne_needles"},{"predicate":{"custom_model_data":2232},"model":"bloodmoon_vampire:bloodmoon_vampire_model/icon_bloodborne_scythe"},{"predicate":{"custom_model_data":2233},"model":"bloodmoon_vampire:bloodmoon_vampire_model/icon_bloodmoon_combo"},{"predicate":{"custom_model_data":2234},"model":"bloodmoon_vampire:bloodmoon_vampire_model/icon_vampiric_surge"},{"predicate":{"custom_model_data":2235},"model":"item/coal"}]}