{"data":1,"parent":"item/generated","textures":{"layer0":"item/leather_horse_armor"},"overrides":[{"predicate":{"custom_model_data":1},"model":"modelengine:abyssion_wave/wave"},{"predicate":{"custom_model_data":2},"model":"modelengine:black_strings/string2"},{"predicate":{"custom_model_data":3},"model":"modelengine:black_strings/string5"},{"predicate":{"custom_model_data":4},"model":"modelengine:black_strings/string4"},{"predicate":{"custom_model_data":5},"model":"modelengine:black_strings/string3"},{"predicate":{"custom_model_data":6},"model":"modelengine:blue_bird/body"},{"predicate":{"custom_model_data":7},"model":"modelengine:blue_bird/head"},{"predicate":{"custom_model_data":8},"model":"modelengine:blue_bird/tail"},{"predicate":{"custom_model_data":9},"model":"modelengine:blue_bird/left_wing"},{"predicate":{"custom_model_data":10},"model":"modelengine:blue_bird/left_wing_end"},{"predicate":{"custom_model_data":11},"model":"modelengine:blue_bird/right_wing"},{"predicate":{"custom_model_data":12},"model":"modelengine:blue_bird/right_wing_end"},{"predicate":{"custom_model_data":13},"model":"modelengine:cupid/upper_body"},{"predicate":{"custom_model_data":14},"model":"modelengine:cupid/head"},{"predicate":{"custom_model_data":15},"model":"modelengine:cupid/left_arm"},{"predicate":{"custom_model_data":16},"model":"modelengine:cupid/left_wrist"},{"predicate":{"custom_model_data":17},"model":"modelengine:cupid/harp"},{"predicate":{"custom_model_data":18},"model":"modelengine:cupid/right_arm"},{"predicate":{"custom_model_data":19},"model":"modelengine:cupid/right_wrist"},{"predicate":{"custom_model_data":20},"model":"modelengine:cupid/left_wing"},{"predicate":{"custom_model_data":21},"model":"modelengine:cupid/left_wing_end"},{"predicate":{"custom_model_data":22},"model":"modelengine:cupid/right_wing"},{"predicate":{"custom_model_data":23},"model":"modelengine:cupid/right_wing_end"},{"predicate":{"custom_model_data":24},"model":"modelengine:cupid/left_leg"},{"predicate":{"custom_model_data":25},"model":"modelengine:cupid/left_ankle"},{"predicate":{"custom_model_data":26},"model":"modelengine:cupid/right_leg"},{"predicate":{"custom_model_data":27},"model":"modelengine:cupid/right_ankle"},{"predicate":{"custom_model_data":28},"model":"modelengine:healing_aura/aura1"},{"predicate":{"custom_model_data":29},"model":"modelengine:healing_aura/aura2"},{"predicate":{"custom_model_data":30},"model":"modelengine:strings/strings"},{"predicate":{"custom_model_data":31},"model":"modelengine:strings/string2"},{"predicate":{"custom_model_data":32},"model":"modelengine:strings/string5"},{"predicate":{"custom_model_data":33},"model":"modelengine:strings/string4"},{"predicate":{"custom_model_data":34},"model":"modelengine:strings/string3"},{"predicate":{"custom_model_data":35},"model":"modelengine:ult_strings_1/strings2"},{"predicate":{"custom_model_data":36},"model":"modelengine:ult_strings_1/string6"},{"predicate":{"custom_model_data":37},"model":"modelengine:ult_strings_1/string9"},{"predicate":{"custom_model_data":38},"model":"modelengine:ult_strings_1/string8"},{"predicate":{"custom_model_data":39},"model":"modelengine:ult_strings_1/string7"},{"predicate":{"custom_model_data":40},"model":"modelengine:ult_strings_1/strings"},{"predicate":{"custom_model_data":41},"model":"modelengine:ult_strings_1/string2"},{"predicate":{"custom_model_data":42},"model":"modelengine:ult_strings_1/string5"},{"predicate":{"custom_model_data":43},"model":"modelengine:ult_strings_1/string4"},{"predicate":{"custom_model_data":44},"model":"modelengine:ult_strings_1/string3"},{"predicate":{"custom_model_data":45},"model":"modelengine:ult_strings_2/strings2"},{"predicate":{"custom_model_data":46},"model":"modelengine:ult_strings_2/string6"},{"predicate":{"custom_model_data":47},"model":"modelengine:ult_strings_2/string9"},{"predicate":{"custom_model_data":48},"model":"modelengine:ult_strings_2/string8"},{"predicate":{"custom_model_data":49},"model":"modelengine:ult_strings_2/string7"},{"predicate":{"custom_model_data":50},"model":"modelengine:ult_strings_2/strings"},{"predicate":{"custom_model_data":51},"model":"modelengine:ult_strings_2/string2"},{"predicate":{"custom_model_data":52},"model":"modelengine:ult_strings_2/string5"},{"predicate":{"custom_model_data":53},"model":"modelengine:ult_strings_2/string4"},{"predicate":{"custom_model_data":54},"model":"modelengine:ult_strings_2/string3"},{"predicate":{"custom_model_data":55},"model":"modelengine:ult_strings_3/strings2"},{"predicate":{"custom_model_data":56},"model":"modelengine:ult_strings_3/string6"},{"predicate":{"custom_model_data":57},"model":"modelengine:ult_strings_3/string9"},{"predicate":{"custom_model_data":58},"model":"modelengine:ult_strings_3/string8"},{"predicate":{"custom_model_data":59},"model":"modelengine:ult_strings_3/string7"},{"predicate":{"custom_model_data":60},"model":"modelengine:ult_strings_3/strings"},{"predicate":{"custom_model_data":61},"model":"modelengine:ult_strings_3/string2"},{"predicate":{"custom_model_data":62},"model":"modelengine:ult_strings_3/string5"},{"predicate":{"custom_model_data":63},"model":"modelengine:ult_strings_3/string4"},{"predicate":{"custom_model_data":64},"model":"modelengine:ult_strings_3/string3"},{"predicate":{"custom_model_data":65},"model":"modelengine:ult_strings_4/strings2"},{"predicate":{"custom_model_data":66},"model":"modelengine:ult_strings_4/string6"},{"predicate":{"custom_model_data":67},"model":"modelengine:ult_strings_4/string9"},{"predicate":{"custom_model_data":68},"model":"modelengine:ult_strings_4/string8"},{"predicate":{"custom_model_data":69},"model":"modelengine:ult_strings_4/string7"},{"predicate":{"custom_model_data":70},"model":"modelengine:ult_strings_4/strings"},{"predicate":{"custom_model_data":71},"model":"modelengine:ult_strings_4/string2"},{"predicate":{"custom_model_data":72},"model":"modelengine:ult_strings_4/string5"},{"predicate":{"custom_model_data":73},"model":"modelengine:ult_strings_4/string4"},{"predicate":{"custom_model_data":74},"model":"modelengine:ult_strings_4/string3"}]}