{"parent":"item/generated","textures":{"layer0":"item/paper"},"overrides":[{"predicate":{"custom_model_data":1},"model":"abyssion_model/abyssion_water_slash_1"},{"predicate":{"custom_model_data":2},"model":"abyssion_model/abyssion_water_slash_2"},{"predicate":{"custom_model_data":3},"model":"abyssion_model/abyssion_water_slash_3"},{"predicate":{"custom_model_data":4},"model":"abyssion_model/abyssion_water_slash_4"},{"predicate":{"custom_model_data":5},"model":"abyssion_model/abyssion_water_slash_5"},{"predicate":{"custom_model_data":6},"model":"abyssion_model/abyssion_water_slash_6"},{"predicate":{"custom_model_data":7},"model":"abyssion_model/abyssion_water_slash_7"},{"predicate":{"custom_model_data":8},"model":"abyssion_model/abyssion_wave"},{"predicate":{"custom_model_data":9},"model":"abyssion_model/abyssion_bubble"},{"predicate":{"custom_model_data":10},"model":"abyssion_model/abyssion_water_rune_1"},{"predicate":{"custom_model_data":11},"model":"abyssion_model/abyssion_water_rune_2"},{"predicate":{"custom_model_data":12},"model":"abyssion_model/abyssion_water_rune_3"},{"predicate":{"custom_model_data":13},"model":"abyssion_model/abyssion_water_rune_big_1"},{"predicate":{"custom_model_data":14},"model":"abyssion_model/abyssion_water_rune_big_2"},{"predicate":{"custom_model_data":15},"model":"abyssion_model/abyssion_water_rune_big_3"},{"predicate":{"custom_model_data":16},"model":"abyssion_model/abyssion_head"},{"predicate":{"custom_model_data":2461},"model":"bard:bard_model/clef_1"},{"predicate":{"custom_model_data":2462},"model":"bard:bard_model/clef_2"},{"predicate":{"custom_model_data":2463},"model":"bard:bard_model/clef_3"},{"predicate":{"custom_model_data":2464},"model":"bard:bard_model/clef_4"},{"predicate":{"custom_model_data":2465},"model":"bard:bard_model/clef_5"},{"predicate":{"custom_model_data":2466},"model":"bard:bard_model/clef_6"},{"predicate":{"custom_model_data":2467},"model":"bard:bard_model/clef_7"},{"predicate":{"custom_model_data":2468},"model":"bard:bard_model/clef_8"},{"predicate":{"custom_model_data":2469},"model":"bard:bard_model/clef_9"},{"predicate":{"custom_model_data":2470},"model":"bard:bard_model/clef_10"},{"predicate":{"custom_model_data":2471},"model":"bard:bard_model/clef_11"},{"predicate":{"custom_model_data":2472},"model":"bard:bard_model/clef_12"},{"predicate":{"custom_model_data":2473},"model":"bard:bard_model/clef_13"},{"predicate":{"custom_model_data":2474},"model":"bard:bard_model/musical_note"},{"predicate":{"custom_model_data":2475},"model":"bard:bard_model/rhapsody"},{"predicate":{"custom_model_data":2476},"model":"bard:bard_model/symphony_explosion_1"},{"predicate":{"custom_model_data":2477},"model":"bard:bard_model/symphony_explosion_2"},{"predicate":{"custom_model_data":2478},"model":"bard:bard_model/symphony_explosion_3"},{"predicate":{"custom_model_data":2479},"model":"bard:bard_model/symphony_explosion_4"},{"predicate":{"custom_model_data":2480},"model":"bard:bard_model/symphony_explosion_5"},{"predicate":{"custom_model_data":2481},"model":"bard:bard_model/symphony_explosion_6"},{"predicate":{"custom_model_data":2482},"model":"bard:bard_model/symphony_explosion_7"},{"predicate":{"custom_model_data":2483},"model":"bard:bard_model/symphony_explosion_8"},{"predicate":{"custom_model_data":2484},"model":"bard:bard_model/symphony_explosion_9"},{"predicate":{"custom_model_data":2485},"model":"bard:bard_model/symphony_light_1"},{"predicate":{"custom_model_data":2486},"model":"bard:bard_model/symphony_light_2"},{"predicate":{"custom_model_data":2487},"model":"bard:bard_model/symphony_light_3"},{"predicate":{"custom_model_data":2488},"model":"bard:bard_model/symphony_light_4"},{"predicate":{"custom_model_data":2489},"model":"bard:bard_model/symphony_light_5"},{"predicate":{"custom_model_data":2490},"model":"bard:bard_model/symphony_light_6"},{"predicate":{"custom_model_data":2491},"model":"bard:bard_model/symphony_light_7"},{"predicate":{"custom_model_data":2492},"model":"bard:bard_model/symphony_light_8"},{"predicate":{"custom_model_data":2493},"model":"bard:bard_model/symphony_light_9"},{"predicate":{"custom_model_data":2494},"model":"bard:bard_model/vibration_1"},{"predicate":{"custom_model_data":2495},"model":"bard:bard_model/vibration_2"},{"predicate":{"custom_model_data":2496},"model":"bard:bard_model/vibration_3"},{"predicate":{"custom_model_data":2497},"model":"bard:bard_model/vibration_4"},{"predicate":{"custom_model_data":2498},"model":"bard:bard_model/vibration_5"},{"predicate":{"custom_model_data":2499},"model":"bard:bard_model/vibration_6"},{"predicate":{"custom_model_data":2500},"model":"_iainternal:ia_auto_gen/icon_left_blue"},{"predicate":{"custom_model_data":2501},"model":"_iainternal:ia_auto_gen/icon_right_blue"},{"predicate":{"custom_model_data":2502},"model":"_iainternal:ia_auto_gen/icon_search"},{"predicate":{"custom_model_data":2503},"model":"_iainternal:ia_auto_gen/icon_cancel"},{"predicate":{"custom_model_data":2504},"model":"_iainternal:ia_auto_gen/icon_arrow_chest"},{"predicate":{"custom_model_data":2505},"model":"_iainternal:ia_auto_gen/icon_back_orange"},{"predicate":{"custom_model_data":2506},"model":"_iainternal:ia_auto_gen/icon_next_orange"},{"predicate":{"custom_model_data":2507},"model":"item/paper"}]}