{"parent":"item/handheld","textures":{"layer0":"item/stone_sword"},"overrides":[{"predicate":{"custom_model_data":1},"model":"abyssion_model/abyssion_sword"},{"predicate":{"custom_model_data":2},"model":"abyssion_model/abyssion_sword_shiny"},{"predicate":{"custom_model_data":2031},"model":"bard:bard_model/bard_harp"},{"predicate":{"custom_model_data":2032},"model":"bard:bard_model/bard_harp_shiny"},{"predicate":{"custom_model_data":2071},"model":"bloodmoon_vampire:bloodmoon_vampire_model/bloodmoon_orb"},{"predicate":{"custom_model_data":2072},"model":"bloodmoon_vampire:bloodmoon_vampire_model/ethereal_orb"},{"predicate":{"custom_model_data":2073},"model":"item/stone_sword"}]}