{"textures":{"0":"modelengine:entity/strings"},"elements":[{"from":[8.008194,5.142857,4.57752],"to":[8.008194,10.857143,8.006091],"rotation":{"angle":0.0,"axis":"y","origin":[9.220377,8.0,9.218275]},"faces":{"east":{"uv":[3.25,2.75,1.75,5.25],"rotation":0,"texture":"#0","tintindex":0},"south":{"uv":[4.75,5.5,4.75,8.0],"rotation":0,"texture":"#0","tintindex":0},"north":{"uv":[4.5,5.5,4.5,8.0],"rotation":0,"texture":"#0","tintindex":0},"west":{"uv":[1.75,2.75,3.25,5.25],"rotation":0,"texture":"#0","tintindex":0},"up":{"uv":[5.0,7.0,5.0,5.5],"rotation":0,"texture":"#0","tintindex":0},"down":{"uv":[5.25,5.5,5.25,7.0],"rotation":0,"texture":"#0","tintindex":0}}}],"display":{"head":{"translation":[0.0,-6.4,0.0],"scale":[4.0,4.0,4.0]}}}