{"textures":{"0":"modelengine:entity/blue_bird"},"elements":[{"from":[6.857143,6.959761,5.999737],"to":[9.142858,9.245476,8.856879],"rotation":{"angle":0.0,"axis":"y","origin":[8.0,7.958823,7.6375175]},"faces":{"east":{"uv":[0.0,1.75,1.25,2.75],"rotation":0,"texture":"#0","tintindex":0},"south":{"uv":[4.25,4.0,5.25,5.0],"rotation":0,"texture":"#0","tintindex":0},"north":{"uv":[4.25,2.75,5.25,3.75],"rotation":0,"texture":"#0","tintindex":0},"west":{"uv":[1.5,1.75,2.75,2.75],"rotation":0,"texture":"#0","tintindex":0},"up":{"uv":[3.5,1.25,2.5,0.0],"rotation":0,"texture":"#0","tintindex":0},"down":{"uv":[1.0,3.0,0.0,4.25],"rotation":0,"texture":"#0","tintindex":0}}},{"from":[6.857143,6.3170686,7.6351295],"to":[7.428571,6.8884974,7.6351295],"rotation":{"angle":-22.5,"axis":"x","origin":[8.0,7.958823,7.6375175]},"faces":{"east":{"uv":[1.0,5.75,1.0,6.0],"rotation":0,"texture":"#0","tintindex":0},"south":{"uv":[2.25,6.75,2.0,7.0],"rotation":0,"texture":"#0","tintindex":0},"north":{"uv":[2.0,6.75,2.25,7.0],"rotation":0,"texture":"#0","tintindex":0},"west":{"uv":[1.0,6.25,1.0,6.5],"rotation":0,"texture":"#0","tintindex":0},"up":{"uv":[2.75,1.5,2.5,1.5],"rotation":0,"texture":"#0","tintindex":0},"down":{"uv":[4.0,1.25,3.75,1.25],"rotation":0,"texture":"#0","tintindex":0}}},{"from":[6.857143,6.3170686,6.9208436],"to":[7.428571,6.3170686,8.063701],"rotation":{"angle":-22.5,"axis":"x","origin":[8.0,7.958823,7.6375175]},"faces":{"east":{"uv":[6.75,4.0,7.25,4.0],"rotation":0,"texture":"#0","tintindex":0},"south":{"uv":[5.0,2.5,5.25,2.5],"rotation":0,"texture":"#0","tintindex":0},"north":{"uv":[4.5,2.5,4.75,2.5],"rotation":0,"texture":"#0","tintindex":0},"west":{"uv":[6.75,4.25,7.25,4.25],"rotation":0,"texture":"#0","tintindex":0},"up":{"uv":[7.0,1.25,6.75,0.75],"rotation":0,"texture":"#0","tintindex":0},"down":{"uv":[7.0,0.75,6.75,1.25],"rotation":0,"texture":"#0","tintindex":0}}},{"from":[8.571428,6.3170686,6.9208436],"to":[9.142858,6.3170686,8.063701],"rotation":{"angle":-22.5,"axis":"x","origin":[8.0,7.958823,7.6375175]},"faces":{"east":{"uv":[7.25,4.25,6.75,4.25],"rotation":0,"texture":"#0","tintindex":0},"south":{"uv":[5.25,2.5,5.0,2.5],"rotation":0,"texture":"#0","tintindex":0},"north":{"uv":[4.75,2.5,4.5,2.5],"rotation":0,"texture":"#0","tintindex":0},"west":{"uv":[7.25,4.0,6.75,4.0],"rotation":0,"texture":"#0","tintindex":0},"up":{"uv":[6.75,1.25,7.0,0.75],"rotation":0,"texture":"#0","tintindex":0},"down":{"uv":[6.75,0.75,7.0,1.25],"rotation":0,"texture":"#0","tintindex":0}}},{"from":[8.571428,6.3170686,7.6351295],"to":[9.142858,6.8884974,7.6351295],"rotation":{"angle":-22.5,"axis":"x","origin":[8.0,7.958823,7.6375175]},"faces":{"east":{"uv":[1.0,6.25,1.0,6.5],"rotation":0,"texture":"#0","tintindex":0},"south":{"uv":[2.0,6.75,2.25,7.0],"rotation":0,"texture":"#0","tintindex":0},"north":{"uv":[2.25,6.75,2.0,7.0],"rotation":0,"texture":"#0","tintindex":0},"west":{"uv":[1.0,5.75,1.0,6.0],"rotation":0,"texture":"#0","tintindex":0},"up":{"uv":[2.5,1.5,2.75,1.5],"rotation":0,"texture":"#0","tintindex":0},"down":{"uv":[3.75,1.25,4.0,1.25],"rotation":0,"texture":"#0","tintindex":0}}}],"display":{"head":{"translation":[0.0,-6.4,0.0],"scale":[4.0,4.0,4.0]}}}