{"textures":{"0":"modelengine:entity/blue_bird"},"elements":[{"from":[6.85,7.529587,5.9336476],"to":[9.15,9.815301,8.219362],"rotation":{"angle":0.0,"axis":"y","origin":[7.992857,7.100077,9.0]},"faces":{"east":{"uv":[4.25,5.25,5.25,6.25],"rotation":0,"texture":"#0","tintindex":0},"south":{"uv":[1.25,5.5,2.25,6.5],"rotation":0,"texture":"#0","tintindex":0},"north":{"uv":[5.25,0.0,6.25,1.0],"rotation":0,"texture":"#0","tintindex":0},"west":{"uv":[2.5,5.5,3.5,6.5],"rotation":0,"texture":"#0","tintindex":0},"up":{"uv":[6.5,3.5,5.5,2.5],"rotation":0,"texture":"#0","tintindex":0},"down":{"uv":[6.5,3.75,5.5,4.75],"rotation":0,"texture":"#0","tintindex":0}}},{"from":[7.428571,9.572025,7.323143],"to":[8.571428,10.714882,8.466001],"rotation":{"angle":-45.0,"axis":"x","origin":[8.0,7.100077,9.0]},"faces":{"east":{"uv":[4.25,6.5,4.75,7.0],"rotation":0,"texture":"#0","tintindex":0},"south":{"uv":[5.0,6.5,5.5,7.0],"rotation":0,"texture":"#0","tintindex":0},"north":{"uv":[6.5,0.0,7.0,0.5],"rotation":0,"texture":"#0","tintindex":0},"west":{"uv":[6.5,5.0,7.0,5.5],"rotation":0,"texture":"#0","tintindex":0},"up":{"uv":[7.0,6.25,6.5,5.75],"rotation":0,"texture":"#0","tintindex":0},"down":{"uv":[7.0,6.5,6.5,7.0],"rotation":0,"texture":"#0","tintindex":0}}}],"display":{"head":{"translation":[0.0,-6.4,0.0],"scale":[4.0,4.0,4.0]}}}