{"textures":{"0":"modelengine:entity/blue_bird"},"elements":[{"from":[7.428571,5.8571424,7.857143],"to":[8.0,8.142858,10.142858],"rotation":{"angle":0.0,"axis":"y","origin":[9.142858,6.856205,9.494924]},"faces":{"east":{"uv":[5.5,1.25,4.5,2.25],"rotation":0,"texture":"#0","tintindex":0},"south":{"uv":[0.5,5.75,0.75,6.75],"rotation":0,"texture":"#0","tintindex":0},"north":{"uv":[0.0,5.75,0.25,6.75],"rotation":0,"texture":"#0","tintindex":0},"west":{"uv":[4.5,1.25,5.5,2.25],"rotation":0,"texture":"#0","tintindex":0},"up":{"uv":[6.0,2.25,5.75,1.25],"rotation":0,"texture":"#0","tintindex":0},"down":{"uv":[6.25,5.0,6.0,6.0],"rotation":0,"texture":"#0","tintindex":0}}}],"display":{"head":{"translation":[0.0,-6.4,0.0],"scale":[4.0,4.0,4.0]}}}