{"textures":{"0":"modelengine:entity/blue_bird"},"elements":[{"from":[8.0,6.857143,8.0],"to":[8.0,9.142858,10.857143],"rotation":{"angle":0.0,"axis":"y","origin":[9.714286,7.856205,7.3520665]},"faces":{"east":{"uv":[5.0,0.0,3.75,1.0],"rotation":0,"texture":"#0","tintindex":0},"south":{"uv":[3.0,6.75,3.0,7.75],"rotation":0,"texture":"#0","tintindex":0},"north":{"uv":[5.75,6.5,5.75,7.5],"rotation":0,"texture":"#0","tintindex":0},"west":{"uv":[3.75,0.0,5.0,1.0],"rotation":0,"texture":"#0","tintindex":0},"up":{"uv":[3.25,8.0,3.25,6.75],"rotation":0,"texture":"#0","tintindex":0},"down":{"uv":[3.5,6.75,3.5,8.0],"rotation":0,"texture":"#0","tintindex":0}}}],"display":{"head":{"translation":[0.0,-6.4,0.0],"scale":[4.0,4.0,4.0]}}}