{"textures":{"0":"modelengine:entity/blue_bird"},"elements":[{"from":[6.857143,8.0,8.0],"to":[9.142858,8.0,11.428572],"rotation":{"angle":0.0,"axis":"y","origin":[8.0,6.7133474,6.7806377]},"faces":{"east":{"uv":[6.75,3.25,8.25,3.25],"rotation":0,"texture":"#0","tintindex":0},"south":{"uv":[6.75,3.5,7.75,3.5],"rotation":0,"texture":"#0","tintindex":0},"north":{"uv":[3.0,2.75,4.0,2.75],"rotation":0,"texture":"#0","tintindex":0},"west":{"uv":[6.75,3.75,8.25,3.75],"rotation":0,"texture":"#0","tintindex":0},"up":{"uv":[1.0,1.5,0.0,0.0],"rotation":0,"texture":"#0","tintindex":0},"down":{"uv":[1.0,0.0,0.0,1.5],"rotation":0,"texture":"#0","tintindex":0}}}],"display":{"head":{"translation":[0.0,-6.4,0.0],"scale":[4.0,4.0,4.0]}}}