{"sources":[{"source":"entity","prefix":"entity/","type":"directory"},{"type":"single","resource":"models/armor/abyssion_chestplate"},{"type":"single","resource":"modelengine:entity/blue_bird"},{"type":"single","resource":"bard:bard_texture/vibration_6"},{"type":"single","resource":"bard:bard_texture/rhapsody_a"},{"type":"single","resource":"bloodmoon_vampire:bloodmoon_vampire_texture/icon_bloodborne_blades"},{"type":"single","resource":"_iainternal:icons/icon_left_blue"},{"type":"single","resource":"bloodmoon_vampire:bloodmoon_vampire_texture/icon_vampiric_surge"},{"type":"single","resource":"bard:bard_texture/vibration_1"},{"type":"single","resource":"modelengine:entity/abyssion_wave"},{"type":"single","resource":"bard:bard_texture/vibration_3"},{"type":"single","resource":"bard:bard_texture/vibration_2"},{"type":"single","resource":"bard:bard_texture/icon_angelic_serenade"},{"type":"single","resource":"bard:bard_texture/vibration_5"},{"type":"single","resource":"bard:bard_texture/vibration_4"},{"type":"single","resource":"bard:bard_texture/icon_sound_wave"},{"type":"single","resource":"bloodmoon_vampire:bloodmoon_vampire_texture/bloodmoon_orb_a"},{"type":"single","resource":"abyssion_texture/abyssion_bubble"},{"type":"single","resource":"bloodmoon_vampire:bloodmoon_vampire_texture/ethereal_orb_a"},{"type":"single","resource":"_iainternal:icons/icon_next_orange"},{"type":"single","resource":"models/armor/abyssion_helmet"},{"type":"single","resource":"bard:bard_texture/symphony_light"},{"type":"single","resource":"abyssion_texture/water_rune_2"},{"type":"single","resource":"abyssion_texture/water_rune_3"},{"type":"single","resource":"bloodmoon_vampire:bloodmoon_vampire_texture/icon_bloodmoon_combo"},{"type":"single","resource":"modelengine:entity/healing_aura"},{"type":"single","resource":"bard:bard_texture/musical_note_a"},{"type":"single","resource":"models/armor/abyssion_leggings"},{"type":"single","resource":"abyssion_texture/water_rune_1"},{"type":"single","resource":"bard:bard_texture/clef_1"},{"type":"single","resource":"bard:bard_texture/clef_3"},{"type":"single","resource":"bard:bard_texture/clef_2"},{"type":"single","resource":"bloodmoon_vampire:bloodmoon_vampire_texture/icon_bloodborne_grimoire"},{"type":"single","resource":"modelengine:entity/ult_strings"},{"type":"single","resource":"bard:bard_texture/clef_9"},{"type":"single","resource":"bard:bard_texture/clef_8"},{"type":"single","resource":"bloodmoon_vampire:bloodmoon_vampire_texture/icon_bloodborne_scythe"},{"type":"single","resource":"bard:bard_texture/clef_5"},{"type":"single","resource":"bard:bard_texture/clef_4"},{"type":"single","resource":"bard:bard_texture/clef_7"},{"type":"single","resource":"bard:bard_texture/icon_shield_of_harmony"},{"type":"single","resource":"abyssion_texture/abyssion_sword"},{"type":"single","resource":"bard:bard_texture/clef_6"},{"type":"single","resource":"bard:bard_texture/symphony_explosion_3"},{"type":"single","resource":"_iainternal:icons/icon_cancel"},{"type":"single","resource":"bard:bard_texture/symphony_explosion_4"},{"type":"single","resource":"bard:bard_texture/symphony_explosion_1"},{"type":"single","resource":"bard:bard_texture/symphony_explosion_2"},{"type":"single","resource":"bard:bard_texture/icon_rhapsody"},{"type":"single","resource":"bard:bard_texture/bard_harp_shiny"},{"type":"single","resource":"modelengine:entity/black_strings"},{"type":"single","resource":"_iainternal:icons/icon_back_orange"},{"type":"single","resource":"bard:bard_texture/clef_10"},{"type":"single","resource":"bard:bard_texture/clef_11"},{"type":"single","resource":"_iainternal:icons/icon_arrow_chest"},{"type":"single","resource":"bard:bard_texture/icon_vibrative_strike"},{"type":"single","resource":"bard:bard_texture/clef_12"},{"type":"single","resource":"abyssion_texture/abyssion_head"},{"type":"single","resource":"bard:bard_texture/clef_13"},{"type":"single","resource":"abyssion_texture/water_slash_4"},{"type":"single","resource":"bloodmoon_vampire:bloodmoon_vampire_texture/icon_bloodbending"},{"type":"single","resource":"abyssion_texture/water_slash_3"},{"type":"single","resource":"abyssion_texture/water_slash_2"},{"type":"single","resource":"abyssion_texture/water_slash_1"},{"type":"single","resource":"bard:bard_texture/icon_symphony_of_destruction"},{"type":"single","resource":"modelengine:entity/cupid"},{"type":"single","resource":"modelengine:entity/cupid_shadow"},{"type":"single","resource":"_iainternal:icons/icon_search"},{"type":"single","resource":"_iainternal:icons/icon_right_blue"},{"type":"single","resource":"bard:bard_texture/symphony_explosion_9"},{"type":"single","resource":"bard:bard_texture/symphony_explosion_7"},{"type":"single","resource":"abyssion_texture/water_slash_7"},{"type":"single","resource":"bard:bard_texture/symphony_explosion_8"},{"type":"single","resource":"abyssion_texture/water_slash_6"},{"type":"single","resource":"bard:bard_texture/symphony_explosion_5"},{"type":"single","resource":"abyssion_texture/water_slash_5"},{"type":"single","resource":"bard:bard_texture/symphony_explosion_6"},{"type":"single","resource":"bloodmoon_vampire:bloodmoon_vampire_texture/icon_bloodborne_needles"},{"type":"single","resource":"modelengine:entity/strings"},{"type":"single","resource":"models/armor/abyssion_boots"},{"type":"single","resource":"bard:bard_texture/bard_harp"},{"type":"single","resource":"abyssion_texture/abyssion_sword_shiny"}]}