{"textures":{"0":"modelengine:entity/black_strings"},"elements":[{"from":[6.7897754,5.142857,5.0693254],"to":[6.7897754,10.857143,8.497897],"rotation":{"angle":45.0,"axis":"y","origin":[6.7897754,8.0,6.7836113]},"faces":{"east":{"uv":[3.25,5.5,1.75,8.0],"rotation":0,"texture":"#0","tintindex":0},"south":{"uv":[7.0,6.25,7.0,8.75],"rotation":0,"texture":"#0","tintindex":0},"north":{"uv":[7.0,3.5,7.0,6.0],"rotation":0,"texture":"#0","tintindex":0},"west":{"uv":[1.75,5.5,3.25,8.0],"rotation":0,"texture":"#0","tintindex":0},"up":{"uv":[7.25,1.5,7.25,0.0],"rotation":0,"texture":"#0","tintindex":0},"down":{"uv":[7.25,1.75,7.25,3.25],"rotation":0,"texture":"#0","tintindex":0}}}],"display":{"head":{"translation":[0.0,-6.4,0.0],"scale":[4.0,4.0,4.0]}}}