{"textures":{"0":"modelengine:entity/black_strings"},"elements":[{"from":[5.075634,5.142857,6.785714],"to":[5.075634,10.857143,10.214286],"rotation":{"angle":-45.0,"axis":"y","origin":[9.214286,8.0,12.638652]},"faces":{"east":{"uv":[3.25,0.0,1.75,2.5],"rotation":0,"texture":"#0","tintindex":0},"south":{"uv":[3.75,5.5,3.75,8.0],"rotation":0,"texture":"#0","tintindex":0},"north":{"uv":[3.5,5.5,3.5,8.0],"rotation":0,"texture":"#0","tintindex":0},"west":{"uv":[1.75,0.0,3.25,2.5],"rotation":0,"texture":"#0","tintindex":0},"up":{"uv":[4.0,7.0,4.0,5.5],"rotation":0,"texture":"#0","tintindex":0},"down":{"uv":[4.25,5.5,4.25,7.0],"rotation":0,"texture":"#0","tintindex":0}}}],"display":{"head":{"translation":[0.0,-6.4,0.0],"scale":[4.0,4.0,4.0]}}}