{"textures":{"0":"modelengine:entity/black_strings"},"elements":[{"from":[13.281509,5.142857,3.567223],"to":[13.281509,10.857143,6.9957943],"rotation":{"angle":-45.0,"axis":"y","origin":[9.142858,8.0,1.1428566]},"faces":{"east":{"uv":[5.0,2.75,3.5,5.25],"rotation":0,"texture":"#0","tintindex":0},"south":{"uv":[5.75,5.5,5.75,8.0],"rotation":0,"texture":"#0","tintindex":0},"north":{"uv":[5.5,5.5,5.5,8.0],"rotation":0,"texture":"#0","tintindex":0},"west":{"uv":[3.5,2.75,5.0,5.25],"rotation":0,"texture":"#0","tintindex":0},"up":{"uv":[6.0,7.0,6.0,5.5],"rotation":0,"texture":"#0","tintindex":0},"down":{"uv":[6.25,5.5,6.25,7.0],"rotation":0,"texture":"#0","tintindex":0}}}],"display":{"head":{"translation":[0.0,-6.4,0.0],"scale":[4.0,4.0,4.0]}}}