{"textures":{"1":"modelengine:entity/cupid"},"elements":[{"from":[7.142857,6.6754174,4.012007],"to":[8.857143,8.389703,5.7262926],"rotation":{"angle":22.5,"axis":"x","origin":[8.0,7.8182745,4.583436]},"faces":{"east":{"uv":[9.0,9.5,9.75,10.25],"rotation":90,"texture":"#1","tintindex":0},"south":{"uv":[4.75,9.75,4.0,10.5],"rotation":270,"texture":"#1","tintindex":0},"north":{"uv":[3.75,10.5,3.0,9.75],"rotation":270,"texture":"#1","tintindex":0},"west":{"uv":[9.75,9.5,9.0,10.25],"rotation":270,"texture":"#1","tintindex":0},"up":{"uv":[0.0,9.75,0.75,10.5],"rotation":0,"texture":"#1","tintindex":0},"down":{"uv":[2.0,9.75,2.75,10.5],"rotation":180,"texture":"#1","tintindex":0}}},{"from":[7.428571,7.131068,4.7726274],"to":[8.571428,8.273925,8.772628],"rotation":{"angle":-22.5,"axis":"x","origin":[8.0,7.7024965,6.7726274]},"faces":{"east":{"uv":[8.5,0.0,9.0,1.75],"rotation":90,"texture":"#1","tintindex":0},"south":{"uv":[0.5,10.75,0.0,11.25],"rotation":270,"texture":"#1","tintindex":0},"north":{"uv":[11.0,11.0,10.5,10.5],"rotation":270,"texture":"#1","tintindex":0},"west":{"uv":[9.0,0.0,8.5,1.75],"rotation":270,"texture":"#1","tintindex":0},"up":{"uv":[8.5,2.0,9.0,3.75],"rotation":0,"texture":"#1","tintindex":0},"down":{"uv":[8.5,6.0,9.0,7.75],"rotation":180,"texture":"#1","tintindex":0}}},{"from":[7.4428573,5.157215,10.269006],"to":[8.557143,8.585787,11.411863],"rotation":{"angle":-45.0,"axis":"x","origin":[8.0,5.157215,9.411863]},"faces":{"east":{"uv":[1.75,9.0,3.25,9.5],"rotation":90,"texture":"#1","tintindex":0},"south":{"uv":[10.75,0.0,9.25,0.5],"rotation":270,"texture":"#1","tintindex":0},"north":{"uv":[6.75,9.5,5.25,9.0],"rotation":270,"texture":"#1","tintindex":0},"west":{"uv":[3.25,9.0,1.75,9.5],"rotation":270,"texture":"#1","tintindex":0},"up":{"uv":[8.25,10.5,8.75,11.0],"rotation":0,"texture":"#1","tintindex":0},"down":{"uv":[10.5,8.5,11.0,9.0],"rotation":180,"texture":"#1","tintindex":0}}},{"from":[7.428571,3.142857,9.68322],"to":[8.571428,6.5714283,10.8260765],"rotation":{"angle":0.0,"axis":"y","origin":[8.0,3.142857,9.397505]},"faces":{"east":{"uv":[9.25,0.75,10.75,1.25],"rotation":90,"texture":"#1","tintindex":0},"south":{"uv":[10.75,3.0,9.25,3.5],"rotation":270,"texture":"#1","tintindex":0},"north":{"uv":[10.75,2.75,9.25,2.25],"rotation":270,"texture":"#1","tintindex":0},"west":{"uv":[10.75,0.75,9.25,1.25],"rotation":270,"texture":"#1","tintindex":0},"up":{"uv":[9.0,10.5,9.5,11.0],"rotation":0,"texture":"#1","tintindex":0},"down":{"uv":[9.75,10.5,10.25,11.0],"rotation":180,"texture":"#1","tintindex":0}}},{"from":[8.0,5.5714283,5.683219],"to":[8.0,6.142857,9.68322],"rotation":{"angle":0.0,"axis":"y","origin":[8.0,3.142857,9.397505]},"faces":{"east":{"uv":[10.25,4.25,10.5,6.0],"rotation":90,"texture":"#1","tintindex":0},"south":{"uv":[8.25,9.25,8.0,9.25],"rotation":270,"texture":"#1","tintindex":0},"north":{"uv":[9.5,7.75,9.25,7.75],"rotation":270,"texture":"#1","tintindex":0},"west":{"uv":[10.5,4.25,10.25,6.0],"rotation":270,"texture":"#1","tintindex":0},"up":{"uv":[1.75,10.75,1.75,12.5],"rotation":0,"texture":"#1","tintindex":0},"down":{"uv":[2.0,10.75,2.0,12.5],"rotation":180,"texture":"#1","tintindex":0}}},{"from":[8.0,3.5714283,5.683219],"to":[8.0,4.142857,9.68322],"rotation":{"angle":0.0,"axis":"y","origin":[8.0,6.5714283,9.397505]},"faces":{"east":{"uv":[10.5,4.25,10.25,6.0],"rotation":90,"texture":"#1","tintindex":0},"south":{"uv":[8.0,9.25,8.25,9.25],"rotation":270,"texture":"#1","tintindex":0},"north":{"uv":[9.25,7.75,9.5,7.75],"rotation":270,"texture":"#1","tintindex":0},"west":{"uv":[10.25,4.25,10.5,6.0],"rotation":270,"texture":"#1","tintindex":0},"up":{"uv":[2.0,10.75,2.0,12.5],"rotation":0,"texture":"#1","tintindex":0},"down":{"uv":[1.75,10.75,1.75,12.5],"rotation":180,"texture":"#1","tintindex":0}}},{"from":[7.142857,1.3245826,4.012007],"to":[8.857143,3.0388684,5.7262926],"rotation":{"angle":-22.5,"axis":"x","origin":[8.0,1.8960109,4.583436]},"faces":{"east":{"uv":[9.75,9.5,9.0,10.25],"rotation":90,"texture":"#1","tintindex":0},"south":{"uv":[4.0,9.75,4.75,10.5],"rotation":270,"texture":"#1","tintindex":0},"north":{"uv":[3.0,10.5,3.75,9.75],"rotation":270,"texture":"#1","tintindex":0},"west":{"uv":[9.0,9.5,9.75,10.25],"rotation":270,"texture":"#1","tintindex":0},"up":{"uv":[2.75,9.75,2.0,10.5],"rotation":0,"texture":"#1","tintindex":0},"down":{"uv":[0.75,9.75,0.0,10.5],"rotation":180,"texture":"#1","tintindex":0}}},{"from":[7.428571,1.4403601,4.7726274],"to":[8.571428,2.5832171,8.772628],"rotation":{"angle":22.5,"axis":"x","origin":[8.0,2.0117888,6.7726274]},"faces":{"east":{"uv":[9.0,0.0,8.5,1.75],"rotation":90,"texture":"#1","tintindex":0},"south":{"uv":[0.0,10.75,0.5,11.25],"rotation":270,"texture":"#1","tintindex":0},"north":{"uv":[10.5,11.0,11.0,10.5],"rotation":270,"texture":"#1","tintindex":0},"west":{"uv":[8.5,0.0,9.0,1.75],"rotation":270,"texture":"#1","tintindex":0},"up":{"uv":[9.0,6.0,8.5,7.75],"rotation":0,"texture":"#1","tintindex":0},"down":{"uv":[9.0,2.0,8.5,3.75],"rotation":180,"texture":"#1","tintindex":0}}},{"from":[7.4428573,1.128499,10.269006],"to":[8.557143,4.5570707,11.411863],"rotation":{"angle":45.0,"axis":"x","origin":[8.0,4.5570707,9.411863]},"faces":{"east":{"uv":[3.25,9.0,1.75,9.5],"rotation":90,"texture":"#1","tintindex":0},"south":{"uv":[9.25,0.0,10.75,0.5],"rotation":270,"texture":"#1","tintindex":0},"north":{"uv":[5.25,9.5,6.75,9.0],"rotation":270,"texture":"#1","tintindex":0},"west":{"uv":[1.75,9.0,3.25,9.5],"rotation":270,"texture":"#1","tintindex":0},"up":{"uv":[11.0,8.5,10.5,9.0],"rotation":0,"texture":"#1","tintindex":0},"down":{"uv":[8.75,10.5,8.25,11.0],"rotation":180,"texture":"#1","tintindex":0}}},{"from":[8.0,4.5714283,5.683219],"to":[8.0,5.142857,9.68322],"rotation":{"angle":0.0,"axis":"y","origin":[8.0,6.5714283,9.397505]},"faces":{"east":{"uv":[6.5,10.25,6.75,12.0],"rotation":90,"texture":"#1","tintindex":0},"south":{"uv":[3.5,10.75,3.25,10.75],"rotation":270,"texture":"#1","tintindex":0},"north":{"uv":[10.75,9.25,10.5,9.25],"rotation":270,"texture":"#1","tintindex":0},"west":{"uv":[6.75,10.25,6.5,12.0],"rotation":270,"texture":"#1","tintindex":0},"up":{"uv":[2.75,10.75,2.75,12.5],"rotation":0,"texture":"#1","tintindex":0},"down":{"uv":[3.0,10.75,3.0,12.5],"rotation":180,"texture":"#1","tintindex":0}}},{"from":[7.714286,2.8571424,5.1117907],"to":[8.285714,6.857143,5.683219],"rotation":{"angle":0.0,"axis":"y","origin":[8.0,3.142857,9.397505]},"faces":{"east":{"uv":[5.0,9.75,6.75,10.0],"rotation":90,"texture":"#1","tintindex":0},"south":{"uv":[12.0,3.75,10.25,4.0],"rotation":270,"texture":"#1","tintindex":0},"north":{"uv":[11.75,10.25,10.0,10.0],"rotation":270,"texture":"#1","tintindex":0},"west":{"uv":[10.0,9.5,11.75,9.75],"rotation":270,"texture":"#1","tintindex":0},"up":{"uv":[0.75,10.75,1.0,11.0],"rotation":0,"texture":"#1","tintindex":0},"down":{"uv":[1.25,10.75,1.5,11.0],"rotation":180,"texture":"#1","tintindex":0}}}],"display":{"head":{"translation":[0.0,-6.4,0.0],"scale":[4.0,4.0,4.0]}}}