{"textures":{"0":"modelengine:entity/cupid_shadow"},"elements":[{"from":[5.714286,8.0,5.714286],"to":[10.285714,12.571428,10.285714],"rotation":{"angle":0.0,"axis":"y","origin":[6.285714,3.1337194,7.9069114]},"faces":{"east":{"uv":[2.75,3.0,2.5,2.5],"rotation":0,"texture":"#0","tintindex":0},"south":{"uv":[2.75,3.0,2.5,2.5],"rotation":0,"texture":"#0","tintindex":0},"north":{"uv":[2.75,3.0,2.5,2.5],"rotation":0,"texture":"#0","tintindex":0},"west":{"uv":[2.75,3.0,2.5,2.5],"rotation":0,"texture":"#0","tintindex":0},"up":{"uv":[2.75,3.0,2.5,2.5],"rotation":0,"texture":"#0","tintindex":0},"down":{"uv":[2.75,3.0,2.5,2.5],"rotation":0,"texture":"#0","tintindex":0}}}],"display":{"head":{"translation":[0.0,-6.4,0.0],"scale":[4.0,4.0,4.0]}}}