{"textures":{"1":"modelengine:entity/cupid"},"elements":[{"from":[-0.98145294,1.4285712,7.241186],"to":[8.161405,11.142858,7.241186],"rotation":{"angle":-22.5,"axis":"y","origin":[6.1614046,6.285714,7.241186]},"faces":{"east":{"uv":[4.25,10.75,4.25,15.0],"rotation":0,"texture":"#1","tintindex":0},"south":{"uv":[4.0,0.0,0.0,4.25],"rotation":0,"texture":"#1","tintindex":0},"north":{"uv":[0.0,0.0,4.0,4.25],"rotation":0,"texture":"#1","tintindex":0},"west":{"uv":[4.5,10.75,4.5,15.0],"rotation":0,"texture":"#1","tintindex":0},"up":{"uv":[14.75,4.75,10.75,4.75],"rotation":0,"texture":"#1","tintindex":0},"down":{"uv":[14.75,5.0,10.75,5.0],"rotation":0,"texture":"#1","tintindex":0}}}],"display":{"head":{"translation":[0.0,-6.4,0.0],"scale":[4.0,4.0,4.0]}}}