{"textures":{"1":"modelengine:entity/cupid"},"elements":[{"from":[7.8385954,1.4285712,7.241186],"to":[16.981453,11.142858,7.241186],"rotation":{"angle":22.5,"axis":"y","origin":[9.838595,6.285714,7.241186]},"faces":{"east":{"uv":[4.5,10.75,4.5,15.0],"rotation":0,"texture":"#1","tintindex":0},"south":{"uv":[0.0,0.0,4.0,4.25],"rotation":0,"texture":"#1","tintindex":0},"north":{"uv":[4.0,0.0,0.0,4.25],"rotation":0,"texture":"#1","tintindex":0},"west":{"uv":[4.25,10.75,4.25,15.0],"rotation":0,"texture":"#1","tintindex":0},"up":{"uv":[10.75,4.75,14.75,4.75],"rotation":0,"texture":"#1","tintindex":0},"down":{"uv":[10.75,5.0,14.75,5.0],"rotation":0,"texture":"#1","tintindex":0}}}],"display":{"head":{"translation":[0.0,-6.4,0.0],"scale":[4.0,4.0,4.0]}}}