{"textures":{"1":"modelengine:entity/cupid"},"elements":[{"from":[7.8315625,0.85714245,8.765121],"to":[15.260134,10.571428,8.765121],"rotation":{"angle":-22.5,"axis":"y","origin":[9.831563,5.714286,8.765121]},"faces":{"east":{"uv":[4.0,10.75,4.0,15.0],"rotation":0,"texture":"#1","tintindex":0},"south":{"uv":[0.0,4.5,3.25,8.75],"rotation":0,"texture":"#1","tintindex":0},"north":{"uv":[3.25,4.5,0.0,8.75],"rotation":0,"texture":"#1","tintindex":0},"west":{"uv":[3.75,10.75,3.75,15.0],"rotation":0,"texture":"#1","tintindex":0},"up":{"uv":[10.75,4.25,14.0,4.25],"rotation":0,"texture":"#1","tintindex":0},"down":{"uv":[10.75,4.5,14.0,4.5],"rotation":0,"texture":"#1","tintindex":0}}}],"display":{"head":{"translation":[0.0,-6.4,0.0],"scale":[4.0,4.0,4.0]}}}