{"textures":{"0":"modelengine:entity/cupid_shadow"},"elements":[{"from":[7.5714283,4.8571424,6.857143],"to":[9.857143,8.285714,9.142858],"rotation":{"angle":0.0,"axis":"y","origin":[7.0,3.4377084,8.093088]},"faces":{"east":{"uv":[2.75,3.0,2.5,2.5],"rotation":90,"texture":"#0","tintindex":0},"south":{"uv":[2.5,2.5,2.75,3.0],"rotation":270,"texture":"#0","tintindex":0},"north":{"uv":[2.5,2.5,2.75,3.0],"rotation":90,"texture":"#0","tintindex":0},"west":{"uv":[2.75,3.0,2.5,2.5],"rotation":90,"texture":"#0","tintindex":0},"up":{"uv":[2.5,2.5,2.75,3.0],"rotation":270,"texture":"#0","tintindex":0},"down":{"uv":[2.5,2.5,2.75,3.0],"rotation":270,"texture":"#0","tintindex":0}}}],"display":{"head":{"translation":[0.0,-6.4,0.0],"scale":[4.0,4.0,4.0]}}}